"rules","support","confidence","lift","count"
"{berries} => {yogurt}",0.010574478901881,0.318042813455657,2.27984771890408,104
"{berries} => {other vegetables}",0.0102694458566345,0.308868501529052,1.59628045850669,101
"{berries} => {whole milk}",0.0117946110828673,0.35474006116208,1.38832809452012,116
